,precision,recall,f1-score,support
0,0.8753709198813057,0.879284649776453,0.8773234200743495,671.0
1,0.7560240963855421,0.7492537313432835,0.7526236881559221,335.0
accuracy,0.8359840954274353,0.8359840954274353,0.8359840954274353,0.8359840954274353
macro avg,0.8156975081334239,0.8142691905598682,0.8149735541151357,1006.0
weighted avg,0.8356281903871896,0.8359840954274353,0.8357981614335213,1006.0
