,precision,recall,f1-score,support
0,0.8539638386648123,0.9150521609538003,0.883453237410072,671.0
1,0.8013937282229965,0.6865671641791045,0.7395498392282959,335.0
accuracy,0.8389662027833003,0.8389662027833003,0.8389662027833003,0.8389662027833003
macro avg,0.8276787834439043,0.8008096625664524,0.8115015383191839,1006.0
weighted avg,0.8364578873745456,0.8389662027833003,0.8355331197252857,1006.0
