,precision,recall,f1-score,support
0,0.8281145902731513,0.9100893249377654,0.8671689688851681,6829.0
1,0.7859881491808993,0.6361071932299013,0.7031493607733084,3545.0
accuracy,0.8164642375168691,0.8164642375168691,0.8164642375168691,0.8164642375168691
macro avg,0.8070513697270253,0.7730982590838333,0.7851591648292382,10374.0
weighted avg,0.8137191561424366,0.8164642375168691,0.8111202402600917,10374.0
