,precision,recall,f1-score,support
0,0.8,0.6785714285714286,0.7342995169082126,336.0
1,0.7229219143576826,0.8567164179104477,0.7841530054644809,335.0
2,0.9722222222222222,0.9402985074626866,0.9559939301972686,335.0
accuracy,0.8250497017892644,0.8250497017892644,0.8250497017892644,0.8250497017892644
macro avg,0.8317147121933016,0.8251954513148544,0.8248154841899874,1006.0
weighted avg,0.8316831866344614,0.8250497017892644,0.8247255080793694,1006.0
