group,precision,recall,f1,balanced_accuracy,support
race,0.826705422284097,0.7978337621209195,0.8086316288294296,0.7978337621209195,4846
profession,0.7966593565335206,0.7621642423429574,0.7744621174765781,0.7621642423429574,3843
religion,0.7763475462590508,0.7532065457762052,0.7619266758705323,0.7532065457762052,388
gender,0.7688344741090609,0.7151841449023073,0.7294683338639383,0.7151841449023073,1297
