,precision,recall,f1-score,support
0,0.8751814223512336,0.8986587183308494,0.8867647058823529,671.0
1,0.7854889589905363,0.7432835820895523,0.7638036809815951,335.0
accuracy,0.8469184890656064,0.8469184890656064,0.8469184890656064,0.8469184890656064
macro avg,0.8303351906708849,0.8209711502102008,0.825284193431974,1006.0
weighted avg,0.845313653737085,0.8469184890656064,0.8458184401350827,1006.0
