,precision,recall,f1-score,support
0,0.6931637519872814,0.6497764530551415,0.6707692307692308,671.0
1,0.376657824933687,0.42388059701492536,0.398876404494382,335.0
accuracy,0.5745526838966203,0.5745526838966203,0.5745526838966203,0.5745526838966203
macro avg,0.5349107884604842,0.5368285250350334,0.5348228176318064,1006.0
weighted avg,0.5877666490419989,0.5745526838966203,0.580228379077308,1006.0
