,precision,recall,f1-score,support
0,0.8719424460431655,0.9031296572280179,0.8872620790629575,671.0
1,0.7909967845659164,0.7343283582089553,0.7616099071207431,335.0
accuracy,0.8469184890656064,0.8469184890656064,0.8469184890656064,0.8469184890656064
macro avg,0.8314696153045409,0.8187290077184866,0.8244359930918503,1006.0
weighted avg,0.8449873798454733,0.8469184890656064,0.8454196560006892,1006.0
