,precision,recall,f1-score,support
0,0.8785578747628083,0.6900149031296572,0.7729549248747913,671.0
1,0.5657620041753654,0.808955223880597,0.6658476658476659,335.0
accuracy,0.7296222664015904,0.7296222664015904,0.7296222664015904,0.7296222664015904
macro avg,0.7221599394690869,0.7494850635051271,0.7194012953612285,1006.0
weighted avg,0.7743962279966121,0.7296222664015904,0.7372879946818618,1006.0
