,precision,recall,f1-score,support
0,0.8764367816091954,0.9090909090909091,0.8924652523774689,671.0
1,0.8032258064516129,0.7432835820895523,0.772093023255814,335.0
accuracy,0.8538767395626242,0.8538767395626242,0.8538767395626242,0.8538767395626242
macro avg,0.8398312940304041,0.8261872455902306,0.8322791378166414,1006.0
weighted avg,0.8520573813330621,0.8538767395626242,0.8523810607713511,1006.0
