,precision,recall,f1-score,support
0,0.6669980119284294,1.0,0.8002385211687537,671.0
1,0.0,0.0,0.0,335.0
accuracy,0.6669980119284294,0.6669980119284294,0.6669980119284294,0.6669980119284294
macro avg,0.3334990059642147,0.5,0.40011926058437686,1006.0
weighted avg,0.4448863479164773,0.6669980119284294,0.5337575026881051,1006.0
