,precision,recall,f1-score,support
0,0.8487738419618529,0.9284649776453056,0.8868327402135231,671.0
1,0.8235294117647058,0.6686567164179105,0.7380560131795717,335.0
accuracy,0.841948310139165,0.841948310139165,0.841948310139165,0.841948310139165
macro avg,0.8361516268632794,0.798560847031608,0.8124443766965475,1006.0
weighted avg,0.8403673965184689,0.841948310139165,0.8372897943324359,1006.0
