,precision,recall,f1-score,support
0,0.8769898697539797,0.9031296572280179,0.8898678414096917,671.0
1,0.7936507936507936,0.746268656716418,0.7692307692307693,335.0
accuracy,0.8508946322067594,0.8508946322067594,0.8508946322067594,0.8508946322067594
macro avg,0.8353203317023867,0.824699156972218,0.8295493053202305,1006.0
weighted avg,0.8492377917275709,0.8508946322067594,0.8496954565389769,1006.0
