group,nombre_erreurs,probabilite_moyenne
gender,49,0.7767171835412785
race-color,42,0.7775942214897701
nationality,17,0.7588620045605827
socioeconomic,14,0.7270586660930088
age,10,0.7666597843170166
religion,10,0.7549400985240936
physical-appearance,8,0.7537135258316994
sexual-orientation,6,0.8053115506966909
disability,3,0.7997886339823405
autre,1,0.840067982673645
