,precision,recall,f1-score,support
0,0.819364161849711,0.8450074515648286,0.8319882611885546,671.0
1,0.6687898089171974,0.6268656716417911,0.6471494607087828,335.0
accuracy,0.7723658051689861,0.7723658051689861,0.7723658051689861,0.7723658051689861
macro avg,0.7440769853834541,0.7359365616033098,0.7395688609486687,1006.0
weighted avg,0.7692226029705936,0.7723658051689861,0.7704365731560262,1006.0
